{
  "$schema": "http://json-schema.org/schema",
  "id": "SchematicsAngularInterface",
  "title": "Angular Interface Options Schema",
  "type": "object",
  "description": "Creates a new generic interface definition in the given or default project.",
  "properties": {
    "name": {
      "type": "string",
      "description": "The name of the interface.",
      "$default": {
        "$source": "argv",
        "index": 0
      },
      "x-prompt": "What name would you like to use for the interface?"
    },
    "path": {
      "type": "string",
      "format": "path",
      "description": "The path at which to create the interface, relative to the workspace root.",
      "visible": false
    },
    "project": {
      "type": "string",
      "description": "The name of the project.",
      "$default": {
        "$source": "projectName"
      }
    },
    "prefix": {
      "type": "string",
      "default": "",
      "description": "A prefix to apply to generated selectors."
    },
    "type": {
      "type": "string",
      "description": "Adds a developer-defined type to the filename, in the format \"name.type.ts\".",
      "$default": {
        "$source": "argv",
        "index": 1
      }
    },
    "lintFix": {
      "type": "boolean",
      "default": false,
      "description": "When true, applies lint fixes after generating the interface."
    }
  },
  "required": [
    "name"
  ]
}
