{
  "$schema": "http://json-schema.org/schema",
  "id": "SchematicsAngularEnum",
  "title": "Angular Enum Options Schema",
  "type": "object",
  "description": "Generates a new, generic enum definition for the given or default project.",
  "properties": {
    "name": {
      "type": "string",
      "description": "The name of the enum.",
      "$default": {
        "$source": "argv",
        "index": 0
      },
      "x-prompt": "What name would you like to use for the enum?"
    },
    "path": {
      "type": "string",
      "format": "path",
      "description": "The path at which to create the enum definition, relative to the current workspace.",
      "visible": false
    },
    "project": {
      "type": "string",
      "description": "The name of the project in which to create the enum. Default is the configured default project for the workspace.",
      "$default": {
        "$source": "projectName"
      }
    },
    "lintFix": {
      "type": "boolean",
      "default": false,
      "description": "When true, applies lint fixes after generating the enum."
    }
  },
  "required": [
    "name"
  ]
}
