{
  "$schema": "http://json-schema.org/schema",
  "id": "SchematicsAngularGuard",
  "title": "Angular Guard Options Schema",
  "type": "object",
  "description": "Generates a new, generic route guard definition in the given or default project.",
  "properties": {
    "name": {
      "type": "string",
      "description": "The name of the new route guard.",
      "$default": {
        "$source": "argv",
        "index": 0
      },
      "x-prompt": "What name would you like to use for the guard?"
    },
    "spec": {
      "type": "boolean",
      "description": "When true (the default), generates a  \"spec.ts\" test file for the new guard.",
      "default": true,
      "x-deprecated": "Use \"skipTests\" instead."
    },
    "skipTests": {
      "type": "boolean",
      "description": "When true, does not create \"spec.ts\" test files for the new guard.",
      "default": false
    },
    "flat": {
      "type": "boolean",
      "description": "When true (the default), creates the new files at the top level of the current project.",
      "default": true
    },
    "path": {
      "type": "string",
      "format": "path",
      "description": "The path at which to create the interface that defines the guard, relative to the current workspace.",
      "visible": false
    },
    "project": {
      "type": "string",
      "description": "The name of the project.",
      "$default": {
        "$source": "projectName"
      }
    },
    "lintFix": {
      "type": "boolean",
      "default": false,
      "description": "When true, applies lint fixes after generating the guard."
    },
    "implements": {
      "type": "array",
      "description": "Specifies which interfaces to implement.",
      "uniqueItems": true,
      "items": {
        "type": "string"
      },
      "x-prompt": {
        "message": "Which interfaces would you like to implement?",
        "type": "list",
        "multiselect": true,
        "items": [
          "CanActivate",
          "CanActivateChild",
          "CanLoad"
        ]
      }
    }
  },
  "required": [
    "name",
    "project"
  ]
}
