{
  "$schema": "http://json-schema.org/schema",
  "id": "SchematicsAngularPipe",
  "title": "Angular Pipe Options Schema",
  "type": "object",
  "description": "Creates a new generic pipe definition in the given or default project.",
  "properties": {
    "name": {
      "type": "string",
      "description": "The name of the pipe.",
      "$default": {
        "$source": "argv",
        "index": 0
      },
      "x-prompt": "What name would you like to use for the pipe?"
    },
    "path": {
      "type": "string",
      "format": "path",
      "description": "The path at which to create the pipe, relative to the workspace root.",
      "visible": false
    },
    "project": {
      "type": "string",
      "description": "The name of the project.",
      "$default": {
        "$source": "projectName"
      }
    },
    "flat": {
      "type": "boolean",
      "default": true,
      "description": "When true (the default) creates files at the top level of the project."
    },
    "spec": {
      "type": "boolean",
      "default": true,
      "description": "When true (the default), generates a  \"spec.ts\" test file for the new pipe.",
      "x-deprecated": "Use \"skipTests\" instead."
    },
    "skipTests": {
      "type": "boolean",
      "description": "When true, does not create \"spec.ts\" test files for the new pipe.",
      "default": false
    },
    "skipImport": {
      "type": "boolean",
      "default": false,
      "description": "When true, does not import this pipe into the owning NgModule."
    },
    "module": {
      "type": "string",
      "description": "The declaring NgModule.",
      "alias": "m"
    },
    "export": {
      "type": "boolean",
      "default": false,
      "description": "When true, the declaring NgModule exports this pipe."
    },
    "lintFix": {
      "type": "boolean",
      "default": false,
      "description": "When true, applies lint fixes after generating the pipe."
    }
  },
  "required": [
    "name"
  ]
}
