{
  "schematics": {
    "migration-01": {
      "version": "6.0.0-beta.8",
      "factory": "./update-6",
      "description": "Update an Angular CLI project to version 6."
    },
    "migration-02": {
      "version": "7.0.0-beta.0",
      "factory": "./update-7",
      "description": "Update an Angular CLI project to version 7."
    },
    "migration-03": {
      "version": "7.0.0-rc.0",
      "factory": "./update-7/index#polyfillMetadataRule",
      "description": "Update an Angular CLI project to version 7."
    },
    "migration-04": {
      "version": "7.1.0-beta.0",
      "factory": "./update-7/index#typeScriptHelpersRule",
      "description": "Update an Angular CLI project to version 7."
    },
    "migration-05": {
      "version": "7.0.4",
      "factory": "./update-7",
      "description": "Update an Angular CLI project to version 7."
    },
    "migration-06": {
      "version": "7.0.3",
      "factory": "./update-7/index#updateDevkitBuildNgPackagr",
      "description": "Update an Angular CLI project to version 7."
    }
  }
}
