{
  "$schema": "http://json-schema.org/schema",
  "id": "SchematicsAngularDirective",
  "title": "Angular Directive Options Schema",
  "type": "object",
  "description": "Creates a new generic directive definition in the given or default project.",
  "properties": {
    "name": {
      "type": "string",
      "description": "The name of the new directive.",
      "$default": {
        "$source": "argv",
        "index": 0
      },
      "x-prompt": "What name would you like to use for the directive?"
    },
    "path": {
      "type": "string",
      "format": "path",
      "description": "The path at which to create the interface that defines the directive, relative to the workspace root.",
      "visible": false
    },
    "project": {
      "type": "string",
      "description": "The name of the project.",
      "$default": {
        "$source": "projectName"
      }
    },
    "prefix": {
      "type": "string",
      "description": "A prefix to apply to generated selectors.",
      "alias": "p",
      "oneOf": [
        {
          "maxLength": 0
        },
        {
          "minLength": 1,
          "format": "html-selector"
        }
      ]
    },
    "spec": {
      "type": "boolean",
      "description": "When true (the default), generates a  \"spec.ts\" test file for the new directive.",
      "default": true,
      "x-deprecated": "Use \"skipTests\" instead."
    },
    "skipTests": {
      "type": "boolean",
      "description": "When true, does not create \"spec.ts\" test files for the new class.",
      "default": false
    },
    "skipImport": {
      "type": "boolean",
      "description": "When true, does not import this directive into the owning NgModule.",
      "default": false
    },
    "selector": {
      "type": "string",
      "format": "html-selector",
      "description": "The HTML selector to use for this directive."
    },
    "flat": {
      "type": "boolean",
      "description": "When true (the default), creates the new files at the top level of the current project.",
      "default": true
    },
    "module": {
      "type": "string",
      "description": "The declaring NgModule.",
      "alias": "m"
    },
    "export": {
      "type": "boolean",
      "default": false,
      "description": "When true, the declaring NgModule exports this directive."
    },
    "lintFix": {
      "type": "boolean",
      "default": false,
      "description": "When true, applies lint fixes after generating the directive."
    }
  },
  "required": [
    "name"
  ]
}