{
  "$schema": "http://json-schema.org/schema",
  "id": "SchematicsAngularClass",
  "title": "Angular Class Options Schema",
  "type": "object",
  "description": "Creates a new generic class definition in the given or default project.",
  "properties": {
    "name": {
      "type": "string",
      "description": "The name of the new class.",
      "$default": {
        "$source": "argv",
        "index": 0
      },
      "x-prompt": "What name would you like to use for the class?"
    },
    "path": {
      "type": "string",
      "format": "path",
      "description": "The path at which to create the class, relative to the workspace root.",
      "visible": false
    },
    "project": {
      "type": "string",
      "description": "The name of the project.",
      "$default": {
        "$source": "projectName"
      }
    },
    "spec": {
      "type": "boolean",
      "description": "When true (the default), generates a  \"spec.ts\" test file for the new class.",
      "default": true,
      "x-deprecated": "Use \"skipTests\" instead."
    },
    "skipTests": {
      "type": "boolean",
      "description": "When true, does not create \"spec.ts\" test files for the new class.",
      "default": false
    },
    "type": {
      "type": "string",
      "description": "Adds a developer-defined type to the filename, in the format \"name.type.ts\".",
      "default": ""
    },
    "lintFix": {
      "type": "boolean",
      "default": false,
      "description": "When true, applies lint fixes after generating the class."
    }
  },
  "required": [
    "name",
    "project"
  ]
}
