{"__symbolic":"module","version":4,"metadata":{"PlotlyModule":{"__symbolic":"class","decorators":[{"__symbolic":"call","expression":{"__symbolic":"reference","module":"@angular/core","name":"NgModule","line":10,"character":1},"arguments":[{"imports":[{"__symbolic":"reference","module":"@angular/common","name":"CommonModule","line":11,"character":14},{"__symbolic":"reference","name":"ɵa"}],"declarations":[],"exports":[{"__symbolic":"reference","name":"PlotComponent"}]}]}],"members":{"__ctor__":[{"__symbolic":"constructor"}]},"statics":{"forRoot":{"__symbolic":"function","parameters":[],"value":{"ngModule":{"__symbolic":"reference","name":"PlotlyModule"},"providers":[{"__symbolic":"reference","name":"PlotlyService"}]}}}},"PlotlyViaCDNModule":{"__symbolic":"class","decorators":[{"__symbolic":"call","expression":{"__symbolic":"reference","module":"@angular/core","name":"NgModule","line":7,"character":1},"arguments":[{"imports":[{"__symbolic":"reference","module":"@angular/common","name":"CommonModule","line":8,"character":14},{"__symbolic":"reference","name":"ɵa"}],"declarations":[],"exports":[{"__symbolic":"reference","name":"PlotComponent"}]}]}],"members":{},"statics":{"plotlyVersion":"latest"}},"PlotlyViaWindowModule":{"__symbolic":"class","decorators":[{"__symbolic":"call","expression":{"__symbolic":"reference","module":"@angular/core","name":"NgModule","line":8,"character":1},"arguments":[{"imports":[{"__symbolic":"reference","module":"@angular/common","name":"CommonModule","line":9,"character":14},{"__symbolic":"reference","name":"ɵa"}],"declarations":[],"exports":[{"__symbolic":"reference","name":"PlotComponent"}]}]}],"members":{"__ctor__":[{"__symbolic":"constructor"}]},"statics":{"forRoot":{"__symbolic":"function","parameters":[],"value":{"ngModule":{"__symbolic":"reference","name":"PlotlyViaWindowModule"},"providers":[{"__symbolic":"reference","name":"PlotlyService"}]}}}},"PlotComponent":{"__symbolic":"class","decorators":[{"__symbolic":"call","expression":{"__symbolic":"reference","module":"@angular/core","name":"Component","line":23,"character":1},"arguments":[{"selector":"plotly-plot","template":"<div #plot [attr.id]=\"divId\" [className]=\"getClassName()\" [ngStyle]=\"style\"></div>","providers":[{"__symbolic":"reference","name":"PlotlyService"}]}]}],"members":{"plotEl":[{"__symbolic":"property","decorators":[{"__symbolic":"call","expression":{"__symbolic":"reference","module":"@angular/core","name":"ViewChild","line":36,"character":5},"arguments":["plot"]}]}],"data":[{"__symbolic":"property","decorators":[{"__symbolic":"call","expression":{"__symbolic":"reference","module":"@angular/core","name":"Input","line":38,"character":5}}]}],"layout":[{"__symbolic":"property","decorators":[{"__symbolic":"call","expression":{"__symbolic":"reference","module":"@angular/core","name":"Input","line":39,"character":5}}]}],"config":[{"__symbolic":"property","decorators":[{"__symbolic":"call","expression":{"__symbolic":"reference","module":"@angular/core","name":"Input","line":40,"character":5}}]}],"frames":[{"__symbolic":"property","decorators":[{"__symbolic":"call","expression":{"__symbolic":"reference","module":"@angular/core","name":"Input","line":41,"character":5}}]}],"style":[{"__symbolic":"property","decorators":[{"__symbolic":"call","expression":{"__symbolic":"reference","module":"@angular/core","name":"Input","line":42,"character":5}}]}],"divId":[{"__symbolic":"property","decorators":[{"__symbolic":"call","expression":{"__symbolic":"reference","module":"@angular/core","name":"Input","line":44,"character":5}}]}],"revision":[{"__symbolic":"property","decorators":[{"__symbolic":"call","expression":{"__symbolic":"reference","module":"@angular/core","name":"Input","line":45,"character":5}}]}],"className":[{"__symbolic":"property","decorators":[{"__symbolic":"call","expression":{"__symbolic":"reference","module":"@angular/core","name":"Input","line":46,"character":5}}]}],"debug":[{"__symbolic":"property","decorators":[{"__symbolic":"call","expression":{"__symbolic":"reference","module":"@angular/core","name":"Input","line":47,"character":5}}]}],"useResizeHandler":[{"__symbolic":"property","decorators":[{"__symbolic":"call","expression":{"__symbolic":"reference","module":"@angular/core","name":"Input","line":48,"character":5}}]}],"initialized":[{"__symbolic":"property","decorators":[{"__symbolic":"call","expression":{"__symbolic":"reference","module":"@angular/core","name":"Output","line":50,"character":5}}]}],"update":[{"__symbolic":"property","decorators":[{"__symbolic":"call","expression":{"__symbolic":"reference","module":"@angular/core","name":"Output","line":51,"character":5}}]}],"purge":[{"__symbolic":"property","decorators":[{"__symbolic":"call","expression":{"__symbolic":"reference","module":"@angular/core","name":"Output","line":52,"character":5}}]}],"error":[{"__symbolic":"property","decorators":[{"__symbolic":"call","expression":{"__symbolic":"reference","module":"@angular/core","name":"Output","line":53,"character":5}}]}],"afterExport":[{"__symbolic":"property","decorators":[{"__symbolic":"call","expression":{"__symbolic":"reference","module":"@angular/core","name":"Output","line":55,"character":5}}]}],"afterPlot":[{"__symbolic":"property","decorators":[{"__symbolic":"call","expression":{"__symbolic":"reference","module":"@angular/core","name":"Output","line":56,"character":5}}]}],"animated":[{"__symbolic":"property","decorators":[{"__symbolic":"call","expression":{"__symbolic":"reference","module":"@angular/core","name":"Output","line":57,"character":5}}]}],"animatingFrame":[{"__symbolic":"property","decorators":[{"__symbolic":"call","expression":{"__symbolic":"reference","module":"@angular/core","name":"Output","line":58,"character":5}}]}],"animationInterrupted":[{"__symbolic":"property","decorators":[{"__symbolic":"call","expression":{"__symbolic":"reference","module":"@angular/core","name":"Output","line":59,"character":5}}]}],"autoSize":[{"__symbolic":"property","decorators":[{"__symbolic":"call","expression":{"__symbolic":"reference","module":"@angular/core","name":"Output","line":60,"character":5}}]}],"beforeExport":[{"__symbolic":"property","decorators":[{"__symbolic":"call","expression":{"__symbolic":"reference","module":"@angular/core","name":"Output","line":61,"character":5}}]}],"buttonClicked":[{"__symbolic":"property","decorators":[{"__symbolic":"call","expression":{"__symbolic":"reference","module":"@angular/core","name":"Output","line":62,"character":5}}]}],"click":[{"__symbolic":"property","decorators":[{"__symbolic":"call","expression":{"__symbolic":"reference","module":"@angular/core","name":"Output","line":63,"character":5}}]}],"clickAnnotation":[{"__symbolic":"property","decorators":[{"__symbolic":"call","expression":{"__symbolic":"reference","module":"@angular/core","name":"Output","line":64,"character":5}}]}],"deselect":[{"__symbolic":"property","decorators":[{"__symbolic":"call","expression":{"__symbolic":"reference","module":"@angular/core","name":"Output","line":65,"character":5}}]}],"doubleClick":[{"__symbolic":"property","decorators":[{"__symbolic":"call","expression":{"__symbolic":"reference","module":"@angular/core","name":"Output","line":66,"character":5}}]}],"framework":[{"__symbolic":"property","decorators":[{"__symbolic":"call","expression":{"__symbolic":"reference","module":"@angular/core","name":"Output","line":67,"character":5}}]}],"hover":[{"__symbolic":"property","decorators":[{"__symbolic":"call","expression":{"__symbolic":"reference","module":"@angular/core","name":"Output","line":68,"character":5}}]}],"legendClick":[{"__symbolic":"property","decorators":[{"__symbolic":"call","expression":{"__symbolic":"reference","module":"@angular/core","name":"Output","line":69,"character":5}}]}],"legendDoubleClick":[{"__symbolic":"property","decorators":[{"__symbolic":"call","expression":{"__symbolic":"reference","module":"@angular/core","name":"Output","line":70,"character":5}}]}],"relayout":[{"__symbolic":"property","decorators":[{"__symbolic":"call","expression":{"__symbolic":"reference","module":"@angular/core","name":"Output","line":71,"character":5}}]}],"restyle":[{"__symbolic":"property","decorators":[{"__symbolic":"call","expression":{"__symbolic":"reference","module":"@angular/core","name":"Output","line":72,"character":5}}]}],"redraw":[{"__symbolic":"property","decorators":[{"__symbolic":"call","expression":{"__symbolic":"reference","module":"@angular/core","name":"Output","line":73,"character":5}}]}],"selected":[{"__symbolic":"property","decorators":[{"__symbolic":"call","expression":{"__symbolic":"reference","module":"@angular/core","name":"Output","line":74,"character":5}}]}],"selecting":[{"__symbolic":"property","decorators":[{"__symbolic":"call","expression":{"__symbolic":"reference","module":"@angular/core","name":"Output","line":75,"character":5}}]}],"sliderChange":[{"__symbolic":"property","decorators":[{"__symbolic":"call","expression":{"__symbolic":"reference","module":"@angular/core","name":"Output","line":76,"character":5}}]}],"sliderEnd":[{"__symbolic":"property","decorators":[{"__symbolic":"call","expression":{"__symbolic":"reference","module":"@angular/core","name":"Output","line":77,"character":5}}]}],"sliderStart":[{"__symbolic":"property","decorators":[{"__symbolic":"call","expression":{"__symbolic":"reference","module":"@angular/core","name":"Output","line":78,"character":5}}]}],"transitioning":[{"__symbolic":"property","decorators":[{"__symbolic":"call","expression":{"__symbolic":"reference","module":"@angular/core","name":"Output","line":79,"character":5}}]}],"transitionInterrupted":[{"__symbolic":"property","decorators":[{"__symbolic":"call","expression":{"__symbolic":"reference","module":"@angular/core","name":"Output","line":80,"character":5}}]}],"unhover":[{"__symbolic":"property","decorators":[{"__symbolic":"call","expression":{"__symbolic":"reference","module":"@angular/core","name":"Output","line":81,"character":5}}]}],"__ctor__":[{"__symbolic":"constructor","parameters":[{"__symbolic":"reference","name":"PlotlyService"},{"__symbolic":"reference","module":"@angular/core","name":"IterableDiffers","line":90,"character":32},{"__symbolic":"reference","module":"@angular/core","name":"KeyValueDiffers","line":91,"character":32}]}],"ngOnInit":[{"__symbolic":"method"}],"ngOnDestroy":[{"__symbolic":"method"}],"ngOnChanges":[{"__symbolic":"method"}],"ngDoCheck":[{"__symbolic":"method"}],"getWindow":[{"__symbolic":"method"}],"getClassName":[{"__symbolic":"method"}],"createPlot":[{"__symbolic":"method"}],"createFigure":[{"__symbolic":"method"}],"updatePlot":[{"__symbolic":"method"}],"updateWindowResizeHandler":[{"__symbolic":"method"}],"dataDifferTrackBy":[{"__symbolic":"method"}]}},"PlotlyService":{"__symbolic":"class","decorators":[{"__symbolic":"call","expression":{"__symbolic":"reference","module":"@angular/core","name":"Injectable","line":4,"character":1},"arguments":[{"providedIn":"root"}]}],"members":{"getInstanceByDivId":[{"__symbolic":"method"}],"getPlotly":[{"__symbolic":"method"}],"waitFor":[{"__symbolic":"method"}],"newPlot":[{"__symbolic":"method"}],"plot":[{"__symbolic":"method"}],"update":[{"__symbolic":"method"}],"resize":[{"__symbolic":"method"}]},"statics":{"instances":[],"_plotly":{"__symbolic":"reference","name":"undefined"},"ngInjectableDef":{}}},"ɵa":{"__symbolic":"class","decorators":[{"__symbolic":"call","expression":{"__symbolic":"reference","module":"@angular/core","name":"NgModule","line":6,"character":1},"arguments":[{"imports":[{"__symbolic":"reference","module":"@angular/common","name":"CommonModule","line":7,"character":14}],"declarations":[{"__symbolic":"reference","name":"PlotComponent"}],"providers":[{"__symbolic":"reference","name":"PlotlyService"}],"exports":[{"__symbolic":"reference","name":"PlotComponent"}]}]}],"members":{}}},"origins":{"PlotlyModule":"./src/app/plotly/plotly.module","PlotlyViaCDNModule":"./src/app/plotly-via-cdn/plotly-via-cdn.module","PlotlyViaWindowModule":"./src/app/plotly-via-window/plotly-via-window.module","PlotComponent":"./src/app/shared/plot/plot.component","PlotlyService":"./src/app/shared/plotly.service","ɵa":"./src/app/shared/shared.module"},"importAs":"angular-plotly.js"}