{"__symbolic":"module","version":4,"metadata":{"Angular2CsvService":{"__symbolic":"class","decorators":[{"__symbolic":"call","expression":{"__symbolic":"reference","module":"@angular/core","name":"Injectable","line":2,"character":1},"arguments":[{"providedIn":"root"}]}],"members":{"__ctor__":[{"__symbolic":"constructor"}]},"statics":{"ngInjectableDef":{}}},"Angular2CsvComponent":{"__symbolic":"class","decorators":[{"__symbolic":"call","expression":{"__symbolic":"reference","module":"@angular/core","name":"Component","line":2,"character":1},"arguments":[{"selector":"angular2csv","template":"<button (click)=\"onDownload()\">{{ label_btn }}</button>","styles":[]}]}],"members":{"data":[{"__symbolic":"property","decorators":[{"__symbolic":"call","expression":{"__symbolic":"reference","module":"@angular/core","name":"Input","line":10,"character":3}}]}],"filename":[{"__symbolic":"property","decorators":[{"__symbolic":"call","expression":{"__symbolic":"reference","module":"@angular/core","name":"Input","line":11,"character":3}}]}],"options":[{"__symbolic":"property","decorators":[{"__symbolic":"call","expression":{"__symbolic":"reference","module":"@angular/core","name":"Input","line":12,"character":3}}]}],"__ctor__":[{"__symbolic":"constructor"}],"onDownload":[{"__symbolic":"method"}],"ngOnInit":[{"__symbolic":"method"}],"generateCsv":[{"__symbolic":"method"}],"getHeaders":[{"__symbolic":"method"}],"getBody":[{"__symbolic":"method"}],"formartData":[{"__symbolic":"method"}],"isEmptyObject":[{"__symbolic":"method"}],"isFloat":[{"__symbolic":"method"}],"toObject":[{"__symbolic":"method"}],"objectAssign":[{"__symbolic":"method"}]}},"Options":{"__symbolic":"interface"},"CsvConfigConsts":{"__symbolic":"class","members":{},"statics":{"EOL":"\r\n","BOM":"﻿","DEFAULT_FIELD_SEPARATOR":",","DEFAULT_DECIMAL_SEPARATOR":".","DEFAULT_QUOTE":"\"","DEFAULT_SHOW_TITLE":false,"DEFAULT_TITLE":"My Report","DEFAULT_FILENAME":"mycsv.csv","DEFAULT_SHOW_LABELS":false,"DEFAULT_USE_BOM":true,"DEFAULT_HEADER":[],"DEFAULT_KEY":[],"DEFAULT_REMOVE_NEW_LINES":false}},"ConfigDefaults":{"filename":{"__symbolic":"select","expression":{"__symbolic":"reference","name":"CsvConfigConsts"},"member":"DEFAULT_FILENAME"},"fieldSeparator":{"__symbolic":"select","expression":{"__symbolic":"reference","name":"CsvConfigConsts"},"member":"DEFAULT_FIELD_SEPARATOR"},"quoteStrings":{"__symbolic":"select","expression":{"__symbolic":"reference","name":"CsvConfigConsts"},"member":"DEFAULT_QUOTE"},"decimalseparator":{"__symbolic":"select","expression":{"__symbolic":"reference","name":"CsvConfigConsts"},"member":"DEFAULT_DECIMAL_SEPARATOR"},"showLabels":{"__symbolic":"select","expression":{"__symbolic":"reference","name":"CsvConfigConsts"},"member":"DEFAULT_SHOW_LABELS"},"showTitle":{"__symbolic":"select","expression":{"__symbolic":"reference","name":"CsvConfigConsts"},"member":"DEFAULT_SHOW_TITLE"},"title":{"__symbolic":"select","expression":{"__symbolic":"reference","name":"CsvConfigConsts"},"member":"DEFAULT_TITLE"},"useBom":{"__symbolic":"select","expression":{"__symbolic":"reference","name":"CsvConfigConsts"},"member":"DEFAULT_USE_BOM"},"headers":{"__symbolic":"select","expression":{"__symbolic":"reference","name":"CsvConfigConsts"},"member":"DEFAULT_HEADER"},"keys":{"__symbolic":"select","expression":{"__symbolic":"reference","name":"CsvConfigConsts"},"member":"DEFAULT_KEY"},"removeNewLines":{"__symbolic":"select","expression":{"__symbolic":"reference","name":"CsvConfigConsts"},"member":"DEFAULT_REMOVE_NEW_LINES"}},"Angular2CsvModule":{"__symbolic":"class","decorators":[{"__symbolic":"call","expression":{"__symbolic":"reference","module":"@angular/core","name":"NgModule","line":5,"character":1},"arguments":[{"imports":[{"__symbolic":"reference","module":"@angular/common","name":"CommonModule","line":7,"character":4}],"declarations":[{"__symbolic":"reference","name":"Angular2CsvComponent"}],"exports":[{"__symbolic":"reference","name":"Angular2CsvComponent"}]}]}],"members":{}}},"origins":{"Angular2CsvService":"./lib/angular2-csv.service","Angular2CsvComponent":"./lib/angular2-csv.component","Options":"./lib/angular2-csv.component","CsvConfigConsts":"./lib/angular2-csv.component","ConfigDefaults":"./lib/angular2-csv.component","Angular2CsvModule":"./lib/angular2-csv.module"},"importAs":"angular2-csv"}