{
  "$schema": "http://json-schema.org/schema",
  "id": "SchematicsAngularService",
  "title": "Angular Service Options Schema",
  "type": "object",
  "description": "Creates a new, generic service definition in the given or default project.",
  "properties": {
    "name": {
      "type": "string",
      "description": "The name of the service.",
      "$default": {
        "$source": "argv",
        "index": 0
      },
      "x-prompt": "What name would you like to use for the service?"
    },
    "path": {
      "type": "string",
      "format": "path",
      "description": "The path at which to create the service, relative to the workspace root.",
      "visible": false
    },
    "project": {
      "type": "string",
      "description": "The name of the project.",
      "$default": {
        "$source": "projectName"
      }
    },
    "flat": {
      "type": "boolean",
      "default": true,
      "description": "When true (the default), creates files at the top level of the project."
    },
    "spec": {
      "type": "boolean",
      "default": true,
      "description": "When true (the default), generates a  \"spec.ts\" test file for the new service.",
      "x-deprecated": "Use \"skipTests\" instead."
    },
    "skipTests": {
      "type": "boolean",
      "description": "When true, does not create \"spec.ts\" test files for the new service.",
      "default": false
    },
    "lintFix": {
      "type": "boolean",
      "default": false,
      "description": "When true, applies lint fixes after generating the pipe."
    }
  },
  "required": [
    "name"
  ]
}
